
INSERT INTO Idioma (descripcion, codigo) VALUES
	('Aleman', 'ALE'),
	('Chino', 'CHI'),
	('Frances', 'FRA'),
	('Ingles', 'ING'),
	('Italiano', 'ITA'),
	('Portugues', 'POR');

SET IDENTITY_INSERT TipoCapacitacion ON
INSERT INTO TipoCapacitacion (ID, descripcion) VALUES
	(1, 'Aptitud Especial'),
	(2, 'Capacitacion Especial'),
	(3, 'Especializacion Especial'),
	(4, 'Especializacion Avanzada'),
	(5, 'Especializacion Superior'),
	(6, 'Especializacion Particular');
	
INSERT INTO AptitudEspecial (descripcion, codigo, tipocapacitacionID) VALUES
	( 'Apt Aplic Comb                                    ', 'AAC       ', 2),
	( 'Aptitud Especial Antiaérea                        ', 'AEAA', 1),
	('Apt Esp Conjunta de Instr en Operaciones de Paz   ', 'AECIOP    ', 1),
	( 'Apt Esp de Inteligencia                           ', 'AEI       ', 1),
	( 'Auxiliar de Inteligencia Avanzado                 ', 'AEIA      ', 1),
	( 'Auxiliar de Inteligencia Básico                   ', 'AEIB      ', 1),
	( 'Apt Esp de Inteligencia Dorado                    ', 'AEIDOR    ', 1),
	( 'Apt Esp Inteligencia Plateado                     ', 'AEIPLA    ', 1),
	( 'Auxiliar EME                                      ', 'AEME      ', 3),
	( 'Auxiliar de Equitación                            ', 'AEQ       ', 2),
	( 'Aeronavegante                                     ', 'AERON     ', 2),
	( 'Aeronavegante (Mec Av)                            ', 'AERONMEC ', 2),
	( 'Apertura Manual                                   ', 'AM        ', 2),
	( 'Antártico                                         ', 'ANT       ', 1),
	( 'Asalto Aéreo                                      ', 'ASAL      ', 1),
	( 'Auxiliar Servicio EM                              ', 'ASEM      ', 3),
	( 'Montaña                                           ', 'ATM       ', 1),
	( 'Montaña Dorado                                    ', 'ATMDOR    ', 1),
	( 'Montaña Plateado                                  ', 'ATMPLA    ', 1),
	('Aviador de Ejército                               ', 'AVE       ', 1),
	( 'Aviador de Ejército Dorado                        ', 'AVEDOR    ', 1),
	( 'Aviador de Ejército Plateado                      ', 'AVEPLA    ', 1),
	( 'Blindados                                         ', 'BL        ', 1),
	('Buzo                                              ', 'BUZ       ', 1),
	( 'Curso Conjunto de Estrategia y Conducción Superior', 'CCECS', 5),
	( 'Apt Esp Cdo                                       ', 'CDO       ', 1),
	( 'Caz Mte                                           ', 'CMTE      ', 2),
	( 'Cazador Montaña                                   ', 'CZM       ', 2),
	( 'Escalador Militar                                 ', 'EM        ', 1),
	( 'Esq Mil 1ra                                       ', 'EM1       ', 2),
	( 'Esq Mil 2da                                       ', 'EM2       ', 2),
	( 'Esq Mil 3ra                                       ', 'EM3       ', 2),
	( 'Escalador Militar Básico                          ', 'EMB       ', 2),
	( 'Esq Mil Comb                                      ', 'EMC       ', 2),
	( 'Inteligencia                                      ', 'EPI       ', 3),
	( 'Escalador Mil                                     ', 'ESC       ', 2),
	( 'Esquiador                                         ', 'ESQ       ', 2),
	( 'Esquiador Militar                                 ', 'ESQM      ', 2),
	( 'Esquiador Militar Básico                          ', 'ESQMB     ', 2),
	( 'Fuerzas Especiales                                ', 'FESP      ', 2),
	( 'Guía Paracaidísta                                 ', 'GUIA PARAC', 2),
	( 'Instr Antartico', 'IA', 2),
	( 'Instr Adies Fis                                   ', 'IAF       ', 2),
	('Instr Buzo                                        ', 'IBUZ      ', 2),
	('Instr Comandos                                    ', 'ICDO      ', 2),
	( 'Instr Caz de Monte                                ', 'ICMTE     ', 2),
	( 'Instr Caz de Montaña                              ', 'ICZM      ', 2),
	( 'Instr Equitación                                  ', 'IEQ       ', 2),
	( 'Instr Monte                                       ', 'IMTE      ', 2),
	( 'Instr Andinismo                                   ', 'INA       ', 2),
	( 'Instr Esquí                                       ', 'INE       ', 2),
	( 'Subof Instr                                       ', 'INSTR     ', 2),
	( 'Instr Técnicas Básicas Parac                      ', 'IPARAC    ', 2),
	( 'Instr Tiro                                        ', 'ITIR      ', 2),
	( 'Instr Vuelo                                       ', 'IVU       ', 2),
	( 'Jefe de Lanzamiento                               ', 'J LANZ    ', 2),
	( 'Material                                          ', 'MAT       ', 6),
	( 'Postgrado del Magister en Defensa Nacional', 'MDN', 5),
	('Mecanizados                                       ', 'MEC       ', 1),
	( 'Monte                                             ', 'MTE       ', 1),
	( 'Oficial Asesor de Estado Mayor', 'OAEM', 4),
	( 'Oficial Asesor de Estado Mayor Especial', 'OAEME', 4),
	( 'Oficial de Estado Mayor', 'OEM', 4),
	( 'Oficial de Estado Mayor Conjunto', 'OEMC', 4),
	( 'Oficial Ingeniero Militar', 'OIM', 4),
	( 'Paracaidista Militar                              ', 'PARAC     ', 1),
	( 'Paracaidista Militar Dorado                       ', 'PARACDOR ', 1),
	( 'Paracaidista Militar Plateado                     ', 'PARACPLA  ', 1),
	( 'Personal                                          ', 'PERS      ', 6),
	('Radiotelegrafista Mil                             ', 'RAD       ', 2),
	( 'Subinstructor Antártico', 'SA', 2),
	( 'Subinstructor Cazador de Monte                    ', 'SCMTE     ', 2),
	('Subinstr Andinismo                                ', 'SIA       ', 2),
	( 'Subinstr Buzo                                     ', 'SIBUZ     ', 2),
	( 'Subinstructor de Comando                          ', 'SICDO     ', 2),
	( 'Subinstr Caz de Montaña                           ', 'SICZM     ', 2),
	( 'Subinstr Esquí                                    ', 'SIE       ', 2),
	( 'Subinstructor de Paracaidista                     ', 'SIPARAC   ', 2),
	('Subinstr Monte                                    ', 'SMTE      ', 2),
	( 'Instr en Técnicas Operativas de Naciones Unidas   ', 'TONU      ', 2),
	( 'Tripulante                                        ', 'TRIP      ', 2),
	( 'Técnico en Servicio de Estado Mayor', 'TSEM', 6),
	( 'Tec Ser Geografo                                  ', 'TSG       ', 6),
	( 'Vuelo Antártico                                   ', 'VANT      ', 2),
	( 'Vuelo Montaña                                     ', 'VMON      ', 2);


INSERT INTO CursoEspecial (valor, descripcion, codigo) VALUES
	('Od Ped              ', 'Odontopediatría                                   ', 'MO'),
	('Oftalmo             ', 'Oftalmología                                      ', 'MO'),
	('Oncol               ', 'Oncología                                         ', 'MO'),
	('Oncol Med           ', 'Oncología Médica                                  ', 'MO'),
	('Oncol Quir          ', 'Oncología Quirúrgica                              ', 'MO'),
	('Ortodon             ', 'Ortodoncia                                        ', 'MO'),
	('Ortopedia           ', 'Ortopedia                                         ', 'MO'),
	('O R L               ', 'Otorrinolaringología                              ', 'MO'),
	('Patol Clin          ', 'Patología Clínica                                 ', 'MO'),
	( 'Pediatría           ', 'Pediatría                                         ', 'MO'),
	( 'Periodoncia         ', 'Periodoncia                                       ', 'MO'),
	( 'Proctología         ', 'Proctología                                       ', 'MO'),
	( 'Prot Dental         ', 'Prótesis Dental                                   ', 'MO'),
	( 'Psicología          ', 'Psicología                                        ', 'MO'),
	( 'Psiquiatría         ', 'Psiquiatría                                       ', 'MO'),
	( 'Psiq Adulto         ', 'Psiquiatría Adulto                                ', 'MO'),
	( 'Psiq Ped            ', 'Psiquiatría Infantil                              ', 'MO'),
	( 'Radiología          ', 'Radiología                                        ', 'MO'),
	( 'Rx Dental           ', 'Radiología Dental                                 ', 'MO'),
	( 'Radioterapia        ', 'Radioterapia                                      ', 'MO'),
	( 'Reumatología        ', 'Reumatología                                      ', 'MO'),
	( 'Salud Mental        ', 'Salud Mental                                      ', 'MO'),
	( 'Alergia             ', 'Alergia                                           ', 'MO'),
	( 'MED TRAB            ', 'Medicina del Trabajo                              ', 'MO'),
	( 'CLIN EST            ', 'Clínica Estética                                  ', 'MO'),
	( 'Adm Hosp            ', 'Administración Hospitalaria                       ', 'MO'),
	( 'Aler e Inm          ', 'Alergia e Inmunología                             ', 'MO'),
	( 'Anat Pat            ', 'Anatomia Patológica                               ', 'MO'),
	( 'Anes                ', 'Anestesiología                                    ', 'MO'),
	( 'Ang y Cir Vasc      ', 'Angiología y Cirugía Vascular                     ', 'MO'),
	( 'Asis Soc            ', 'Asistente Social                                  ', 'MO'),
	( 'Implant             ', 'Implantología                                     ', 'MO'),
	( 'Infectología        ', 'Infectología                                      ', 'MO'),
	( 'Inmun               ', 'Inmunología                                       ', 'MO'),
	( 'Kines               ', 'Kinesiología                                      ', 'MO'),
	( 'Lab Clin            ', 'Laboratorio Clínico                               ', 'MO'),
	( 'Med Fis y Rehab     ', 'Med. Física y Rehabilitación                      ', 'MO'),
	( 'Med Comun           ', 'Medicina Comunitaria                              ', 'MO'),
	( 'Med Deport          ', 'Medicina del Deporte                              ', 'MO'),
	( 'Med Enf Crit        ', 'Medicina del enf. en estado crítico               ', 'MO'),
	( 'Med Fam             ', 'Medicina Familiar                                 ', 'MO'),
	( 'Med Grl             ', 'Medicina General                                  ', 'MO'),
	( 'Med Int             ', 'Medicina Interna                                  ', 'MO'),
	( 'Med Legal           ', 'Medicina Legal                                    ', 'MO'),
	( 'Med Nuclear         ', 'Medicina Nuclear                                  ', 'MO'),
	( 'Med Rural           ', 'Medicina Rural                                    ', 'MO'),
	( 'Med Social          ', 'Medicina Social                                   ', 'MO'),
	( 'Med Laboral         ', 'Medicina Laboral                                  ', 'MO'),
	( 'Microbiol           ', 'Microbiología                                     ', 'MO'),
	( 'Nefrología          ', 'Nefrología                                        ', 'MO'),
	( 'Neonat              ', 'Neonatología                                      ', 'MO'),
	( 'Neumon              ', 'Neumonología                                      ', 'MO'),
	( 'Neurocir            ', 'Neurocirugía                                      ', 'MO'),
	( 'Neurol              ', 'Neurología                                        ', 'MO'),
	( 'Neuro Ped           ', 'Neuropediatría                                    ', 'MO'),
	( 'Nut y Diabetes      ', 'Nutrición y Diabetes                              ', 'MO'),
	( 'Nutrología          ', 'Nutrología                                        ', 'MO'),
	( 'Obstétricas         ', 'Obstétricas                                       ', 'MO'),
	( 'Obtetricia          ', 'Obstetricia                                       ', 'MO'),
	( 's/d                 ', 'Sin Dato                                          ', 'MO'),
	( 'Aten Prim           ', 'Atención Primaria                                 ', 'MO'),
	( 'Salud Publica       ', 'Salud Pública                                     ', 'MO'),
	( 'Bacter              ', 'Bacteriología                                     ', 'MO'),
	( 'Bacter Clin         ', 'Bacteriología Clínica                             ', 'MO'),
	( 'Biol Reproduc       ', 'Biología de la Reproducción                       ', 'MO'),
	( 'Bioq                ', 'Bioquímica                                        ', 'MO'),
	( 'Bioq Bromat         ', 'Bioquímica Bromatol.                              ', 'MO'),
	( 'Bioq Clin           ', 'Bioquímica Clínica                                ', 'MO'),
	( 'Bioq Tox            ', 'Bioquímica Toxolog.                               ', 'MO'),
	( 'Card                ', 'Cardiología                                       ', 'MO'),
	( 'Card Ped            ', 'Cardiología Pediátrica                            ', 'MO'),
	( 'Cien Bas            ', 'Ciencias Básicas                                  ', 'MO'),
	( 'Cir Ap Diges        ', 'Cirugía Aparato Digestivo                         ', 'MO'),
	( 'Cir Cab y Cue       ', 'Cirugía Cabeza y Cuello                           ', 'MO'),
	( 'Cir Card            ', 'Cirugía Cardiovascular                            ', 'MO'),
	( 'Cir Mano            ', 'Cirugía de la Mano                                ', 'MO'),
	( 'Cir Torax           ', 'Cirugía de Tórax                                  ', 'MO'),
	( 'Cir Gastro          ', 'Cirugía Gastroenterología.                        ', 'MO'),
	( 'Cir Grl             ', 'Cirugía General                                   ', 'MO'),
	( 'Cir Inf             ', 'Cirugía Infantil                                  ', 'MO'),
	( 'Cir Maxilofacial    ', 'Cirugía Maxilofacial                              ', 'MO'),
	( 'Cir Onc             ', 'Cirugía Oncológica                                ', 'MO'),
	( 'Cir Ped             ', 'Cirugía Pediátrica                                ', 'MO'),
	( 'Cir Perif           ', 'Cirugía Periférica                                ', 'MO'),
	( 'Cir Plas            ', 'Cirugía Plástica                                  ', 'MO'),
	( 'Cir Plas y Reconst  ', 'Cirugía Plástica y Reconst.                       ', 'MO'),
	( 'Cir Vasc            ', 'Cirugía Vascular                                  ', 'MO'),
	( 'Cito gen            ', 'Citogenética                                      ', 'MO'),
	( 'Clin Grl            ', 'Clínica General                                   ', 'MO'),
	( 'Clin Med            ', 'Clínica Médica                                    ', 'MO'),
	( 'Coloproc            ', 'Coloproctología                                   ', 'MO'),
	( 'Audio y Fono        ', 'Comunicación, Audiología y Fon.                   ', 'MO'),
	( 'Infec               ', 'D. Infecto-contagiosas                            ', 'MO'),
	( 'Dermatologia        ', 'Dermatología                                      ', 'MO'),
	( 'Derm Ped            ', 'Dermatología Pediátrica                           ', 'MO'),
	( 'Diag Imag           ', 'Diag. por Imágenes                                ', 'MO'),
	( 'Emerg               ', 'Emergentología                                    ', 'MO'),
	( 'Endocrin            ', 'Endocrinología                                    ', 'MO'),
	( 'Endodon             ', 'Endodoncia                                        ', 'MO'),
	( 'Enf Resp            ', 'Enf. Respiratorias                                ', 'MO'),
	( 'Enferm              ', 'Enfermería                                        ', 'MO'),
	( 'Enferm Ped          ', 'Enfermería Pediátrica                             ', 'MO'),
	( 'Enferm Psiq         ', 'Enfermería Psiquiátrica                           ', 'MO'),
	( 'Exodoncia           ', 'Exodoncia                                         ', 'MO'),
	( 'farmacia            ', 'Farmacia                                          ', 'MO'),
	( 'Farmacología        ', 'Farmacología                                      ', 'MO'),
	( 'Fisiatría           ', 'Fisiatría                                         ', 'MO'),
	( 'Fisiología          ', 'Fisiología                                        ', 'MO'),
	( 'Flebolinfol         ', 'Flebolinfología                                   ', 'MO'),
	( 'Gastroent           ', 'Gastroenterología                                 ', 'MO'),
	( 'Genética            ', 'Genética                                          ', 'MO'),
	( 'Gen Med             ', 'Genética Médica                                   ', 'MO'),
	( 'Geriat              ', 'Geriatría                                         ', 'MO'),
	( 'Ginec-Obst          ', 'Gineco/Obstétrica                                 ', 'MO'),
	( 'Ginec               ', 'Ginecología                                       ', 'MO'),
	( 'Hemat               ', 'Hematología                                       ', 'MO'),
	( 'Hemodin             ', 'Hemodinamia                                       ', 'MO'),
	( 'Hemost              ', 'Hemostasia                                        ', 'MO'),
	( 'Hepat               ', 'Hepatología                                       ', 'MO'),
	( 'Ter Int             ', 'Terapia Intensiva                                 ', 'MO'),
	( 'Tocogin             ', 'Tocoginecología                                   ', 'MO'),
	( 'Traumat             ', 'Traumatología                                     ', 'MO'),
	( 'Urología            ', 'Urología                                          ', 'MO'),
	( 'Tec Sup Card        ', 'Técnica Superior Cardiología                      ', 'MO'),
	( 'Aud Med             ', 'Auditoría Médica                                  ', 'MO'),
	( 'Cir Lap             ', 'Cirugía laparoscópica                             ', 'MO'),
	( 'Traumat Cuello      ', 'Traumatología  -  Cuello                          ', 'MO'),
	( 'Epidem              ', 'Epidemiología                                     ', 'MO'),
	( 'Traumat Columna     ', 'Traumatología  -  Columna                         ', 'MO'),
	( 'Maest Salud         ', 'Maestría en Salud                                 ', 'MO'),
	( 'Op Den              ', 'Operatoria Dental                                 ', 'MO'),
	( 'Cir Max Fac         ', 'Cirugía Maxilo Facial                             ', 'MO'),
	( 'Cir Den Max         ', 'Cirugía Dento Maxilar                             ', 'MO'),
	( 'Implan              ', 'Implantología                                     ', 'MO'),
	( 'Trb Ten Sib         ', 'Trombón Tenor en Sib                              ', 'MU'),
	( 'Trb Ten Sib Var     ', 'Trombón Tenor en Sib de vara                      ', 'MU'),
	( 'Trb Ten Bjo Sib/Fa  ', 'Trombón Tenor Bajo en Sib-Fa de vara              ', 'MU'),
	( 'Flic Sop Mib        ', 'Flicorno Sopranino en Mib                         ', 'MU'),
	( 'Flic Sop Sib        ', 'Flicorno Soprano en Sib                           ', 'MU'),
	( 'Flic Cont Mib       ', 'Flicorno Contralto en Mib                         ', 'MU'),
	( 'Flic Ten Sib        ', 'Flicorno Tenor en Sib                             ', 'MU'),
	( 'Flic Bar Sib        ', 'Flicorno Barítono en Sib                          ', 'MU'),
	( 'Flic Bjo Sib Euf    ', 'Flicorno Bajo en Sib Eufonio                      ', 'MU'),
	( 'Flic Bjo Gr Fa      ', 'Flicorno Bajo Grave en Fa                         ', 'MU'),
	( 'Flic Bjo Gr Mib     ', 'Flicorno Bajo Grave en Mib                        ', 'MU'),
	( 'Flic Cbjo Sib       ', 'Flicorno Contrabajo en Sib                        ', 'MU'),
	( 'Tub Bja Gr Mib      ', 'Tuba Baja Grave en Mib                            ', 'MU'),
	( 'Tub Cbjo Sib        ', 'Tuba Contrabajo en Sib                            ', 'MU'),
	( 'Car                 ', 'Carrillón c/obl accesorios                        ', 'MU'),
	( 'Timb Fa/Do          ', 'Timbales en Fa-Do                                 ', 'MU'),
	( 'Bom                 ', 'Bombo                                             ', 'MU'),
	( 'ADM                 ', 'Administrativo                                    ', 'MU'),
	( 'Plat y Accs         ', 'Platillo c/obl accesorios                         ', 'MU'),
	( 'Red                 ', 'Redoblante                                        ', 'MU'),
	( 'Arregl/Instrudor    ', 'Arreglador e Instrumentador                       ', 'MU'),
	( 'Cop Music           ', 'Copista Musical                                   ', 'MU'),
	( 'Tam My              ', 'Tambor Mayor                                      ', 'MU'),
	( 'Fl Do               ', 'Flauta en Do                                      ', 'MU'),
	( 'Ob                  ', 'Oboe                                              ', 'MU'),
	( 'Cor Ingl            ', 'Corno Inglés                                      ', 'MU'),
	( 'Cl Peq Mib          ', 'Clarinete pequeño en Mib                          ', 'MU'),
	( 'Cl Sop Sib          ', 'Clarinete Soprano en Sib                          ', 'MU'),
	( 'Cl Cont Mib         ', 'Clarinete contralto en Mib                        ', 'MU'),
	( 'Cl Bjo Sib          ', 'Clarinete Bajo en Sib                             ', 'MU'),
	( 'Sax Sop Sib         ', 'Saxofón Soprano en Sib                            ', 'MU'),
	( 'Sax Cont Mib        ', 'Saxofón Contralto en Mib                          ', 'MU'),
	( 's/d                 ', 'Sin Datos                                         ', 'MU'),
	( 'Arch                ', 'Archivista                                        ', 'MU'),
	( 'Son                 ', 'Sonidista                                         ', 'MU'),
	( 'Tam                 ', 'Tambor                                            ', 'MU'),
	( 'Corn Sib/Mib        ', 'Corneta en Sib-Mib a un pistón                    ', 'MU'),
	( 'Sax Ten Sib         ', 'Saxofón Tenor en Sib                              ', 'MU'),
	( 'Sax Bar Mib         ', 'Saxofón Barítono en Mib                           ', 'MU'),
	( 'Sax Bjo Sib         ', 'Saxofón Bajo en Sib                               ', 'MU'),
	( 'Fagt                ', 'Fagot                                             ', 'MU'),
	( 'Cfagt               ', 'Contrafagot                                       ', 'MU'),
	( 'Pno y Cel           ', 'Piano c/obligación a Celesta                      ', 'MU'),
	( 'Arp                 ', 'Arpa                                              ', 'MU'),
	( 'Vc                  ', 'Violoncello                                       ', 'MU'),
	( 'Cbjo Cda            ', 'Contrabajo a Cuerda                               ', 'MU'),
	( 'Cor Fa/Sib          ', 'Corno en Fa - Sib                                 ', 'MU'),
	( 'Xil                 ', 'XILOFON                                           ', 'MU'),
	( 'Rep de Instr        ', 'Reparador de Instrumentos                         ', 'MU'),
	( 'Ob*E                ', 'Oboe (Excedente)                                  ', 'MU'),
	( 'Tpta Ag Mib         ', 'Trompeta Aguda en Mib                             ', 'MU'),
	( 'Tpta Sib            ', 'Trompeta en Sib                                   ', 'MU'),
	( 'Tpta Med Mib        ', 'Trompeta media en Mib                             ', 'MU'),
	( 'Tpta Bja Sib        ', 'Trompeta Baja en Sib                              ', 'MU'),
	( 'Fl Do*E             ', 'FLAUTA EN DO (EXCEDENTE)                          ', 'MU'),
	( 'Cor Ingl*E          ', 'CORNO INGLES (EXCEDENTE)                          ', 'MU'),
	( 'Cl Peq Mib*E        ', 'Clarinete pequeño en Mib (Excedente)              ', 'MU'),
	( 'Cl Sop Sib*E        ', 'Clarinete Soprano en Sib (Excedente)              ', 'MU'),
	( 'Cl cont Mib*E       ', 'Clarinete Contralto en Mib (Excedente)            ', 'MU'),
	( 'Cl Bjo Sib*E        ', 'Clarinete Bajo en Sib (Excedente)                 ', 'MU'),
	( 'Sax Sop Sib*E       ', 'Saxofón Soprano en Sib (Excedente)                ', 'MU'),
	( 'Sax Cont Mib*E      ', 'Saxofón Contralto en Mib (Excedente)              ', 'MU'),
	( 'Sax Ten Sib*E       ', 'Saxofón Tenor en Sib (Excedente)                  ', 'MU'),
	( 'Sax Bar Mib*E       ', 'Saxofón Barítono en Mib (Excedente)               ', 'MU'),
	( 'Sax Bjo Sib*E       ', 'SAxofón Bajo en Sib (Excedente)                   ', 'MU'),
	( 'Fagt*E              ', 'Fagot (Excedente)                                 ', 'MU'),
	( 'Cfagt*E             ', 'Contrafagot (Excedente)                           ', 'MU'),
	( 'XIL*E               ', 'Xilofón (Excedente)                               ', 'MU'),
	( 'Pno y Cel*E         ', 'Piano c/oblogación a Celesta (Excedente)          ', 'MU'),
	( 'Arp*E               ', 'Arpa (Excedente)                                  ', 'MU'),
	( 'VC*E                ', 'Violoncello (Excedente)                           ', 'MU'),
	( 'Cbjo Cda*E          ', 'Contrabajo a Cuerda (Excedente)                   ', 'MU'),
	( 'Cor Fa/Sib*E        ', 'Corno en Fa - Sib (Excedente)                     ', 'MU'),
	( 'Tpta Ag Mib*E       ', 'Trompeta Aguda en Mib (Excedente)                 ', 'MU'),
	( 'Tpta Sib*E          ', 'Trompeta en Sib (Excedente)                       ', 'MU'),
	( 'Tpta Med Mib*E      ', 'Tropmpeta Media en Mib (Excedente)                ', 'MU'),
	( 'Tpta Bja Sib*E      ', 'Trompeta Baja en Sib (Excedente)                  ', 'MU'),
	( 'Trb Ten Sib*E       ', 'Trombón Tenor en Sib (Excedente)                  ', 'MU'),
	( 'Trb Ten Bjo Sib/Fa*E', 'Trombón Tenor Bajo en Sib-Fa (Excedente)          ', 'MU'),
	( 'Flic Sop Mib*E      ', 'Flicorno Sopranino en Mib (Excedente)             ', 'MU'),
	( 'Flic Sop Sib*E      ', 'Flicorno Soprano en Sib (Excedente)               ', 'MU'),
	( 'Flic Clto Mib*E     ', 'Flicorno Contralto en Mib (Excedente)             ', 'MU'),
	( 'Flic Ten Sib*E      ', 'Flicorno Tenor en Sib (Excedente)                 ', 'MU'),
	( 'Flic Bar Sib*E      ', 'Flicorno Barítono en Sib (Excedente)              ', 'MU'),
	( 'Flic Bjo Sib Euf*E  ', 'Flicorno Bajo en Sib Eufono (Excedente)           ', 'MU'),
	( 'Flic Bjo Gr Fa*E    ', 'Flicorno Bajo Grave en Fa (Excedente)             ', 'MU'),
	( 'Flic Bjo Gr Mib*E   ', 'Flicorno Bajo Grave en Mib (Excedente)            ', 'MU'),
	( 'Flic Cbjo Sib*E     ', 'Flicorno Contrabajo en Sib (Excedente)            ', 'MU'),
	( 'Tub Bja Gr Mib*E    ', 'Tuba Baja Grave en Mib (Excedente)                ', 'MU'),
	( 'Tub Cbjo Sib*E      ', 'Tuba Contrabajo en Sib (Excedente)                ', 'MU'),
	( 'Car*E               ', 'Carrillón c/obl accesorios (Excedente)            ', 'MU'),
	( 'Timb Fa/Do*E        ', 'Timbal  Fa - Do (Excedente)                       ', 'MU'),
	( 'Bom*E               ', 'Bombo (Excedente)                                 ', 'MU'),
	( 'Plat y Accs*E       ', 'Platillo c/obl accesorios (Excedente)             ', 'MU'),
	( 'Red*E               ', 'Redoblante (Excedente)                            ', 'MU'),
	( 'Arregl/Instrudor*E  ', 'Arreglador e Instrumentador (Excedente)           ', 'MU'),
	( 'Cop Music*E         ', 'Copista Musical (Excedente)                       ', 'MU'),
	( 'Tam My*E            ', 'Tambor Mayor (Excedente)                          ', 'MU'),
	( 'Tam*E               ', 'Tambor (Excedente)                                ', 'MU'),
	( 'Corn Sib/Mib*E      ', 'Corneta Sib-Mib (Excedente)                       ', 'MU'),
	( 'BAC                 ', 'Bacteriología                                     ', 'VE'),
	( 'BRA                 ', 'Bromatología                                      ', 'VE'),
	( 'EMA                 ', 'Especialista en Medio Ambiente                    ', 'VE');


